_id,date(mmm-yy),population_group,returned_from_housing,returned_to_shelter,newly_identified,moved_to_housing,became_inactive,actively_homeless,ageunder16,age16-24,age25-34,age35-44,age45-54,age55-64,age65over,gender_male,gender_female,"gender_transgender,non-binary_or_two_spirit",population_group_percentage
1,Jan-18,All Population,46,494,1106,508,862,7958,1233,1111,1341,1560,1318,973,422,4963,2912,83,100.0%
2,Jan-18,Chronic,11,29,317,111,111,2532,223,346,313,403,505,495,247,1632,870,30,31.8%
3,Jan-18,Refugees,4,32,651,328,75,2408,914,241,414,547,204,66,22,1219,1177,12,30.3%
4,Jan-18,Families,0,14,561,321,57,2277,1232,187,276,411,130,23,18,968,1308,1,28.6%
5,Jan-18,Youth,12,64,116,44,116,924,0,924,0,0,0,0,0,571,312,41,11.6%
6,Jan-18,Single Adult,34,416,429,143,689,4757,0,0,1065,1149,1188,950,404,3424,1292,41,59.8%
7,Jan-18,Non-refugees,42,462,455,180,787,5550,319,870,927,1013,1114,907,400,3744,1735,71,69.7%
8,Feb-18,All Population,78,481,947,489,757,8132,1271,1094,1392,1579,1399,965,432,5093,2959,80,100.0%
9,Feb-18,Chronic,11,31,217,152,73,2541,202,362,308,399,521,496,253,1652,862,27,31.2%
10,Feb-18,Refugees,8,26,490,345,89,2491,965,253,417,534,237,66,19,1264,1214,13,30.6%
11,Feb-18,Families,4,18,435,347,55,2336,1268,197,278,410,145,22,16,1007,1328,1,28.7%
12,Feb-18,Youth,19,45,91,28,131,893,0,893,0,0,0,0,0,556,301,36,11.0%
13,Feb-18,Single Adult,55,418,421,114,571,4903,0,0,1114,1169,1254,943,416,3530,1330,43,60.3%
14,Feb-18,Non-refugees,70,455,457,144,668,5641,306,841,975,1045,1162,899,413,3829,1745,67,69.4%
15,Mar-18,All Population,64,489,1226,533,736,8607,1414,1115,1487,1727,1460,969,435,5389,3133,85,100.0%
16,Mar-18,Chronic,11,30,327,175,91,2614,226,377,316,412,526,500,257,1696,889,29,30.4%
17,Mar-18,Refugees,11,24,715,340,70,2826,1121,250,468,634,259,72,22,1416,1392,18,32.8%
18,Mar-18,Families,7,8,651,330,41,2636,1412,210,320,491,164,28,11,1141,1495,0,30.6%
19,Mar-18,Youth,17,64,99,44,108,905,0,905,0,0,0,0,0,573,291,41,10.5%
20,Mar-18,Single Adult,40,417,476,159,587,5066,0,0,1167,1236,1296,941,424,3675,1347,44,58.9%
21,Mar-18,Non-refugees,53,465,511,193,666,5781,293,865,1019,1093,1201,897,413,3973,1741,67,67.2%
22,Apr-18,All Population,59,518,1305,652,760,9033,1615,1126,1554,1823,1476,983,456,5631,3312,90,100.0%
23,Apr-18,Chronic,10,27,328,217,89,2653,236,381,322,433,519,504,258,1716,901,36,29.4%
24,Apr-18,Refugees,2,31,812,424,72,3170,1321,258,515,703,280,71,22,1562,1590,18,35.1%
25,Apr-18,Families,8,8,747,413,34,2953,1613,217,361,557,166,26,13,1273,1680,0,32.7%
26,Apr-18,Youth,18,54,100,41,105,909,0,909,0,0,0,0,0,573,293,43,10.1%
27,Apr-18,Single Adult,33,456,458,198,621,5171,0,0,1193,1266,1310,957,443,3785,1339,47,57.2%
28,Apr-18,Non-refugees,57,487,493,228,688,5863,294,868,1039,1120,1196,912,434,4069,1722,72,64.9%
29,May-18,All Population,50,484,1469,575,882,9516,1830,1153,1644,1946,1502,985,456,5838,3583,95,100.0%
30,May-18,Chronic,14,36,269,167,90,2697,242,376,324,444,533,517,261,1731,933,33,28.3%
31,May-18,Refugees,3,33,995,393,110,3694,1552,290,602,840,312,74,24,1802,1876,16,38.8%
32,May-18,Families,3,16,825,390,64,3350,1828,231,396,666,194,27,11,1414,1934,2,35.2%
33,May-18,Youth,10,66,120,35,130,921,0,921,0,0,0,0,0,570,305,46,9.7%
34,May-18,Single Adult,37,402,524,150,688,5245,0,0,1251,1280,1308,958,445,3854,1344,47,55.1%
35,May-18,Non-refugees,47,451,474,182,772,5822,278,863,1042,1106,1190,911,432,4036,1707,79,61.2%
36,Jun-18,All Population,56,475,1333,624,888,9823,1937,1217,1726,1977,1526,979,461,5957,3765,101,100.0%
37,Jun-18,Chronic,17,24,316,193,104,2725,272,381,321,457,531,510,253,1742,946,37,27.7%
38,Jun-18,Refugees,6,31,777,461,99,3947,1639,323,654,892,333,77,29,1933,1998,16,40.2%
39,Jun-18,Families,7,14,686,436,61,3568,1937,265,422,698,208,27,11,1510,2056,2,36.3%
40,Jun-18,Youth,18,52,123,32,117,950,0,950,0,0,0,0,0,578,321,51,9.7%
41,Jun-18,Single Adult,31,409,524,156,710,5305,0,0,1304,1279,1318,952,450,3869,1388,48,54.0%
42,Jun-18,Non-refugees,50,444,556,163,789,5876,298,894,1072,1085,1193,902,432,4024,1767,85,59.8%
43,Jul-18,All Population,73,492,1156,952,929,9602,1835,1213,1678,1973,1479,967,457,5809,3697,96,100.0%
44,Jul-18,Chronic,18,35,376,248,96,2791,302,384,331,481,543,496,254,1760,994,37,29.1%
45,Jul-18,Refugees,13,22,627,781,97,3725,1499,327,624,854,309,82,30,1823,1886,16,38.8%
46,Jul-18,Families,16,14,600,765,49,3387,1831,259,388,670,197,30,12,1414,1972,1,35.3%
47,Jul-18,Youth,12,63,115,36,127,953,0,953,0,0,0,0,0,579,323,51,9.9%
48,Jul-18,Single Adult,45,415,441,151,753,5262,0,0,1290,1303,1282,937,445,3816,1402,44,54.8%
49,Jul-18,Non-refugees,60,470,529,171,832,5877,336,886,1054,1119,1170,885,427,3986,1811,80,61.2%
50,Aug-18,All Population,79,486,1214,834,921,9557,1810,1223,1662,1942,1480,978,462,5763,3701,93,100.0%
51,Aug-18,Chronic,14,34,299,236,109,2766,281,371,334,481,536,494,269,1762,971,33,28.9%
52,Aug-18,Refugees,9,30,634,665,126,3602,1413,333,612,812,319,89,24,1765,1824,13,37.7%
53,Aug-18,Families,14,22,670,628,57,3411,1806,289,417,642,211,32,14,1417,1994,0,35.7%
54,Aug-18,Youth,16,54,122,50,137,934,0,934,0,0,0,0,0,555,327,52,9.8%
55,Aug-18,Single Adult,49,410,422,156,727,5212,0,0,1245,1300,1269,946,448,3791,1380,41,54.5%
56,Aug-18,Non-refugees,70,456,580,169,795,5955,397,890,1050,1130,1161,889,438,3998,1877,80,62.3%
57,Sep-18,All Population,56,499,1204,883,1037,9341,1721,1171,1604,1873,1487,1020,465,5696,3564,81,100.0%
58,Sep-18,Chronic,13,30,327,275,123,2716,244,362,331,472,548,497,262,1735,946,35,29.1%
59,Sep-18,Refugees,17,20,648,710,266,3304,1272,326,575,725,291,92,23,1657,1636,11,35.4%
60,Sep-18,Families,11,19,646,678,185,3221,1720,284,389,574,211,30,13,1362,1859,0,34.5%
61,Sep-18,Youth,10,46,92,29,145,886,0,886,0,0,0,0,0,514,327,45,9.5%
62,Sep-18,Single Adult,35,434,466,176,707,5234,0,0,1215,1299,1276,990,452,3820,1378,36,56.0%
63,Sep-18,Non-refugees,39,479,556,173,771,6037,449,845,1029,1148,1196,928,442,4039,1928,70,64.6%
64,Oct-18,All Population,68,445,1022,749,933,9144,1609,1180,1584,1819,1442,1033,477,5609,3448,87,100.0%
65,Oct-18,Chronic,12,35,435,227,96,2868,299,370,365,493,552,506,283,1819,1010,39,31.4%
66,Oct-18,Refugees,17,39,494,526,182,3142,1151,330,577,684,282,90,28,1596,1534,12,34.4%
67,Oct-18,Families,21,28,462,551,127,3053,1605,276,382,535,208,31,16,1278,1775,0,33.4%
68,Oct-18,Youth,13,51,114,33,111,902,0,902,0,0,0,0,0,524,333,45,9.9%
69,Oct-18,Single Adult,34,366,446,165,695,5189,0,0,1202,1284,1234,1002,461,3807,1340,42,56.7%
70,Oct-18,Non-refugees,51,406,528,223,751,6002,458,850,1007,1135,1160,943,449,4013,1914,75,65.6%
71,Nov-18,All Population,79,639,1308,675,871,9557,1656,1190,1713,1890,1573,1060,475,5899,3556,102,100.0%
72,Nov-18,Chronic,15,32,329,258,105,2840,286,368,354,488,557,517,270,1822,981,37,29.7%
73,Nov-18,Refugees,21,35,653,473,126,3249,1186,341,609,692,298,94,29,1663,1576,10,34.0%
74,Nov-18,Families,22,16,583,467,58,3153,1652,285,395,547,220,38,16,1334,1817,2,33.0%
75,Nov-18,Youth,7,57,106,44,109,903,0,903,0,0,0,0,0,535,320,48,9.4%
76,Nov-18,Single Adult,50,566,619,164,704,5501,0,0,1318,1343,1353,1022,459,4030,1419,52,57.6%
77,Nov-18,Non-refugees,58,604,655,202,745,6308,470,849,1104,1198,1275,966,446,4236,1980,92,66.0%
78,Dec-18,All Population,68,553,1152,661,844,9782,1708,1207,1794,1923,1602,1092,456,6046,3636,100,100.0%
79,Dec-18,Chronic,10,40,370,237,111,2906,292,371,379,488,578,522,276,1860,1009,37,29.7%
80,Dec-18,Refugees,19,29,593,473,121,3294,1213,357,607,697,301,91,28,1676,1608,10,33.7%
81,Dec-18,Families,19,11,603,457,78,3258,1708,300,410,570,222,33,15,1381,1876,1,33.3%
82,Dec-18,Youth,12,55,97,33,106,906,0,906,0,0,0,0,0,544,317,45,9.3%
83,Dec-18,Single Adult,37,487,452,171,660,5618,0,0,1384,1353,1380,1059,441,4121,1443,54,57.4%
84,Dec-18,Non-refugees,49,524,559,188,723,6488,495,850,1187,1226,1301,1001,428,4370,2028,90,66.3%
85,Jan-19,All Population,67,563,1106,578,840,10029,1738,1264,1806,1962,1672,1114,473,6183,3740,106,100.0%
86,Jan-19,Chronic,11,27,532,228,110,3053,369,394,384,505,589,534,278,1936,1076,41,30.4%
87,Jan-19,Refugees,19,32,507,395,139,3309,1217,382,558,700,324,98,30,1676,1620,13,33.0%
88,Jan-19,Families,15,19,487,380,75,3197,1672,313,372,567,224,35,14,1352,1843,2,31.9%
89,Jan-19,Youth,13,60,111,50,94,950,0,950,0,0,0,0,0,567,339,44,9.5%
90,Jan-19,Single Adult,39,484,508,148,671,5882,0,0,1434,1395,1448,1079,459,4264,1558,60,58.6%
91,Jan-19,Non-refugees,48,531,599,183,701,6720,521,882,1248,1262,1348,1016,443,4507,2120,93,67.0%
92,Feb-19,All Population,63,540,1021,700,907,9982,1676,1233,1777,1979,1659,1174,484,6125,3750,107,100.0%
93,Feb-19,Chronic,14,30,388,274,97,3083,379,394,378,510,593,554,275,1956,1087,40,30.9%
94,Feb-19,Refugees,15,26,499,504,139,3202,1179,348,540,689,306,106,34,1593,1597,12,32.1%
95,Feb-19,Families,6,9,456,498,70,3104,1602,298,379,556,219,34,16,1304,1798,2,31.1%
96,Feb-19,Youth,10,46,108,54,108,935,0,935,0,0,0,0,0,547,342,46,9.4%
97,Feb-19,Single Adult,47,485,457,148,729,5943,0,0,1398,1423,1440,1140,468,4274,1610,59,59.5%
98,Feb-19,Non-refugees,48,514,522,196,768,6780,497,885,1237,1290,1353,1068,450,4532,2153,95,67.9%
99,Mar-19,All Population,58,532,1162,719,923,10043,1687,1238,1804,2002,1654,1179,479,6161,3773,109,100.0%
100,Mar-19,Chronic,12,28,551,289,91,3287,441,412,407,552,617,574,284,2066,1182,39,32.7%
101,Mar-19,Refugees,9,26,573,500,136,3171,1182,339,540,673,317,89,31,1587,1571,13,31.6%
102,Mar-19,Families,3,17,551,491,81,3106,1614,292,392,538,226,27,17,1293,1812,1,30.9%
103,Mar-19,Youth,15,53,126,48,115,945,0,945,0,0,0,0,0,560,338,47,9.4%
104,Mar-19,Single Adult,40,462,485,180,727,5992,0,0,1412,1464,1428,1152,462,4308,1623,61,59.7%
105,Mar-19,Non-refugees,49,506,589,219,787,6872,505,899,1264,1329,1337,1090,448,4574,2202,96,68.4%
106,Apr-19,All Population,86,547,1121,704,907,10142,1730,1243,1815,1999,1680,1189,486,6230,3807,105,100.0%
107,Apr-19,Chronic,18,32,409,287,89,3308,431,408,415,562,631,577,284,2075,1193,40,32.6%
108,Apr-19,Refugees,29,37,567,471,109,3219,1208,330,522,699,337,93,30,1605,1600,14,31.7%
109,Apr-19,Families,31,28,541,468,54,3182,1650,292,391,565,237,31,16,1335,1846,1,31.4%
110,Apr-19,Youth,15,60,107,49,109,951,0,951,0,0,0,0,0,571,333,47,9.4%
111,Apr-19,Single Adult,40,459,473,187,744,6009,0,0,1424,1434,1443,1158,470,4324,1628,57,59.2%
112,Apr-19,Non-refugees,57,510,554,233,798,6923,522,913,1293,1300,1343,1096,456,4625,2207,91,68.3%
113,May-19,All Population,94,508,1221,678,1028,10184,1772,1225,1820,2057,1639,1174,497,6246,3833,105,100.0%
114,May-19,Chronic,30,29,459,304,105,3382,461,406,429,573,631,590,292,2110,1230,42,33.2%
115,May-19,Refugees,22,26,613,415,133,3323,1248,328,539,745,347,86,30,1676,1634,13,32.6%
116,May-19,Families,16,24,525,416,68,3267,1703,274,408,589,246,31,16,1397,1869,1,32.1%
117,May-19,Youth,21,47,157,59,146,950,0,950,0,0,0,0,0,563,338,49,9.3%
118,May-19,Single Adult,57,437,539,203,814,5967,0,0,1412,1468,1393,1143,481,4286,1626,55,58.6%
119,May-19,Non-refugees,72,482,608,263,895,6861,524,897,1281,1312,1292,1088,467,4570,2199,92,67.4%
120,Jun-19,All Population,73,459,1057,662,960,10100,1725,1270,1845,2064,1582,1125,489,6189,3812,99,100.0%
121,Jun-19,Chronic,15,26,436,306,121,3388,484,393,430,584,612,588,297,2105,1246,37,33.5%
122,Jun-19,Refugees,16,28,554,405,118,3392,1241,352,552,787,343,88,29,1714,1663,15,33.6%
123,Jun-19,Families,12,7,365,417,71,3156,1654,272,382,571,230,32,15,1347,1808,1,31.2%
124,Jun-19,Youth,18,57,151,50,106,998,0,998,0,0,0,0,0,585,367,46,9.9%
125,Jun-19,Single Adult,43,395,541,195,783,5946,0,0,1463,1493,1352,1093,474,4257,1637,52,58.9%
126,Jun-19,Non-refugees,57,431,503,257,842,6708,484,918,1293,1277,1239,1037,460,4475,2149,84,66.4%
127,Jul-19,All Population,63,430,1037,803,1218,9558,1657,1246,1714,1932,1464,1083,462,5854,3613,91,100.0%
128,Jul-19,Chronic,13,35,366,318,150,3314,439,403,401,584,616,574,297,2080,1194,40,34.7%
129,Jul-19,Refugees,8,29,564,582,122,3286,1187,341,541,762,335,95,25,1695,1580,11,34.4%
130,Jul-19,Families,7,22,457,565,72,3007,1586,260,363,531,217,37,13,1303,1703,1,31.5%
131,Jul-19,Youth,20,54,128,50,147,984,0,984,0,0,0,0,0,594,347,43,10.3%
132,Jul-19,Single Adult,36,354,452,188,999,5567,0,0,1351,1401,1247,1046,449,3957,1563,47,58.2%
133,Jul-19,Non-refugees,55,401,473,221,1096,6272,470,905,1173,1170,1129,988,437,4159,2033,80,65.6%
134,Aug-19,All Population,60,434,1058,783,944,9322,1607,1220,1614,1891,1426,1096,468,5684,3549,89,100.0%
135,Aug-19,Chronic,12,32,381,285,102,3336,425,396,415,586,616,596,302,2084,1213,39,35.8%
136,Aug-19,Refugees,11,29,547,589,127,3153,1118,350,501,738,317,103,26,1589,1554,10,33.8%
137,Aug-19,Families,3,20,467,570,35,2900,1528,258,347,509,207,39,12,1229,1670,1,31.1%
138,Aug-19,Youth,17,33,133,43,133,961,0,961,0,0,0,0,0,570,349,42,10.3%
139,Aug-19,Single Adult,40,381,458,170,776,5461,0,0,1267,1382,1219,1057,456,3885,1530,46,58.6%
140,Aug-19,Non-refugees,49,405,511,194,817,6169,489,870,1113,1153,1109,993,442,4095,1995,79,66.2%
141,Sep-19,All Population,81,403,1115,834,898,9141,1559,1256,1549,1831,1413,1069,464,5574,3484,83,100.0%
142,Sep-19,Chronic,14,36,408,303,161,3299,423,398,402,587,603,597,289,2053,1207,39,36.1%
143,Sep-19,Refugees,21,29,636,615,126,3094,1057,380,496,709,318,105,29,1565,1519,10,33.8%
144,Sep-19,Families,31,18,533,608,63,2817,1471,266,330,497,202,39,12,1193,1624,0,30.8%
145,Sep-19,Youth,15,47,133,28,116,989,0,989,0,0,0,0,0,582,371,36,10.8%
146,Sep-19,Single Adult,35,338,449,198,719,5335,0,0,1219,1334,1211,1030,452,3799,1489,47,58.4%
147,Sep-19,Non-refugees,60,374,479,219,772,6047,502,876,1053,1122,1095,964,435,4009,1965,73,66.2%
148,Oct-19,All Population,69,498,1038,616,868,9206,1549,1219,1553,1890,1418,1106,471,5652,3466,88,100.0%
149,Oct-19,Chronic,11,51,321,281,133,3275,407,384,399,568,605,618,294,2054,1178,43,35.6%
150,Oct-19,Refugees,3,31,559,363,131,3189,1075,378,523,743,332,110,28,1619,1559,11,34.6%
151,Oct-19,Families,6,17,424,412,80,2775,1464,244,311,518,188,39,11,1182,1593,0,30.1%
152,Oct-19,Youth,13,39,114,40,119,975,0,975,0,0,0,0,0,572,366,37,10.6%
153,Oct-19,Single Adult,50,442,500,164,669,5456,0,0,1242,1372,1230,1067,460,3898,1507,51,59.3%
154,Oct-19,Non-refugees,66,467,479,253,737,6017,474,841,1030,1147,1086,996,443,4033,1907,77,65.4%
155,Nov-19,All Population,82,658,1036,632,812,9457,1475,1185,1642,2004,1495,1163,493,5834,3530,93,100.0%
156,Nov-19,Chronic,12,68,379,237,138,3320,390,390,424,595,600,622,299,2093,1184,43,35.1%
157,Nov-19,Refugees,21,43,463,448,126,3133,1021,359,534,743,333,119,24,1574,1549,10,33.1%
158,Nov-19,Families,20,16,346,446,69,2638,1395,226,297,499,173,38,10,1081,1557,0,27.9%
159,Nov-19,Youth,11,48,104,29,137,957,0,957,0,0,0,0,0,572,350,35,10.1%
160,Nov-19,Single Adult,51,594,586,157,606,5862,0,0,1345,1505,1322,1125,483,4181,1623,58,62.0%
161,Nov-19,Non-refugees,61,615,573,184,686,6324,454,826,1108,1261,1162,1044,469,4260,1981,83,66.9%
162,Dec-19,All Population,77,603,1152,584,732,9914,1480,1216,1786,2101,1590,1225,516,6102,3712,100,100.0%
163,Dec-19,Chronic,15,49,413,207,113,3459,396,418,459,622,622,638,304,2173,1242,44,34.9%
164,Dec-19,Refugees,20,31,584,427,107,3229,1034,377,562,759,343,129,25,1602,1616,11,32.6%
165,Dec-19,Families,14,14,455,387,71,2661,1401,232,316,484,176,42,10,1078,1583,0,26.8%
166,Dec-19,Youth,15,53,107,30,102,983,0,983,0,0,0,0,0,585,360,38,9.9%
167,Dec-19,Single Adult,48,536,590,167,559,6270,0,0,1470,1617,1414,1183,506,4439,1769,62,63.2%
168,Dec-19,Non-refugees,57,572,568,157,625,6685,446,839,1224,1342,1247,1096,491,4500,2096,89,67.4%
169,Jan-20,All Population,64,487,901,567,845,9916,1440,1227,1793,2100,1614,1238,504,6083,3737,96,100.0%
170,Jan-20,Chronic,12,47,412,225,133,3547,429,432,461,635,630,653,307,2224,1281,42,35.0%
171,Jan-20,Refugees,15,25,407,392,107,2941,969,341,503,674,306,121,27,1403,1528,10,29.7%
172,Jan-20,Families,15,10,345,380,75,2706,1438,238,321,469,186,45,9,1083,1623,0,27.3%
173,Jan-20,Youth,8,46,103,27,96,987,0,987,0,0,0,0,0,584,364,39,10.0%
174,Jan-20,Single Adult,41,431,453,160,674,6223,0,0,1472,1631,1428,1193,495,4416,1750,57,62.8%
175,Jan-20,Non-refugees,49,462,494,175,738,6975,471,886,1290,1426,1308,1117,477,4680,2209,86,70.3%
176,Feb-20,All Population,76,512,959,601,968,9834,1434,1185,1807,2102,1574,1221,511,6035,3695,104,100.0%
177,Feb-20,Chronic,13,28,398,287,144,3519,408,442,450,619,616,665,319,2219,1257,43,34.7%
178,Feb-20,Refugees,19,28,422,394,107,2902,961,334,486,688,303,104,26,1381,1514,7,29.5%
179,Feb-20,Families,21,19,415,425,49,2686,1434,226,331,467,180,39,9,1077,1609,0,27.3%
180,Feb-20,Youth,4,48,90,41,114,957,0,957,0,0,0,0,0,567,354,36,9.7%
181,Feb-20,Single Adult,51,445,454,135,805,6191,0,0,1476,1635,1394,1182,502,4391,1732,68,63.0%
182,Feb-20,Non-refugees,57,484,537,207,861,6932,473,851,1321,1414,1271,1117,485,4654,2181,97,70.5%
183,Mar-20,All Population,89,479,900,660,891,9680,1380,1135,1799,2055,1599,1206,506,5965,3606,109,100.0%
184,Mar-20,Chronic,12,26,457,323,140,3547,424,441,462,635,630,640,315,2237,1268,42,35.8%
185,Mar-20,Refugees,28,27,329,399,85,2787,896,319,474,660,301,111,26,1350,1430,7,28.8%
186,Mar-20,Families,27,23,370,435,46,2636,1379,230,335,444,186,52,10,1102,1534,0,27.2%
187,Mar-20,Youth,12,39,96,59,119,905,0,905,0,0,0,0,0,535,338,32,9.4%
188,Mar-20,Single Adult,50,417,434,166,726,6139,0,0,1464,1611,1413,1154,496,4328,1734,77,63.4%
189,Mar-20,Non-refugees,61,452,571,261,806,6893,484,816,1325,1395,1298,1095,480,4615,2176,102,71.2%
190,Apr-20,All Population,67,349,469,600,961,8935,1234,1050,1659,1859,1518,1126,489,5507,3330,98,100.0%
191,Apr-20,Chronic,21,21,428,307,121,3546,384,452,477,652,631,633,317,2252,1252,42,43.1%
192,Apr-20,Refugees,15,20,100,362,98,2452,767,282,430,576,281,95,21,1186,1260,6,30.5%
193,Apr-20,Families,17,27,187,383,61,2514,1226,223,339,425,212,66,23,1080,1431,3,31.2%
194,Apr-20,Youth,8,34,52,50,98,829,0,829,0,0,0,0,0,495,307,27,10.3%
195,Apr-20,Single Adult,42,288,230,167,802,5593,0,0,1320,1434,1306,1060,466,3932,1592,68,58.5%
196,Apr-20,Non-refugees,52,329,369,238,863,6483,467,768,1229,1283,1237,1031,468,4321,2070,92,69.5%
197,May-20,All Population,57,407,390,497,1015,8207,1093,964,1482,1669,1406,1117,476,5056,3051,100,100.0%
198,May-20,Chronic,22,29,452,256,145,3623,393,449,493,687,627,649,325,2299,1283,41,43.2%
199,May-20,Refugees,9,18,66,279,86,2172,684,259,363,498,254,91,23,1066,1099,7,26.5%
200,May-20,Families,15,20,123,324,69,2217,1037,193,299,370,212,72,34,984,1228,5,27.0%
201,May-20,Youth,11,28,44,29,99,769,0,769,0,0,0,0,0,453,291,25,9.4%
202,May-20,Single Adult,31,359,223,144,847,5221,0,0,1183,1299,1194,1045,442,3619,1532,70,63.6%
203,May-20,Non-refugees,48,389,324,218,929,6035,409,705,1119,1171,1152,1026,453,3990,1952,93,73.5%
204,Jun-20,All Population,48,324,368,434,798,7668,993,889,1370,1569,1328,1053,466,4747,2822,99,100.0%
205,Jun-20,Chronic,19,36,450,268,125,3704,414,448,510,690,653,657,332,2350,1315,39,47.1%
206,Jun-20,Refugees,12,16,43,229,93,1917,599,229,319,441,225,77,27,961,945,11,25.0%
207,Jun-20,Families,12,29,133,266,94,2089,961,187,256,366,209,70,40,940,1144,5,27.2%
208,Jun-20,Youth,11,41,45,39,85,701,0,701,0,0,0,0,0,413,259,29,9.1%
209,Jun-20,Single Adult,25,254,190,129,619,4878,0,0,1114,1203,1119,983,426,3394,1419,65,63.6%
210,Jun-20,Non-refugees,36,308,325,205,705,5751,394,660,1051,1128,1103,976,439,3786,1877,88,75.0%
211,Jul-20,All Population,87,530,552,512,712,7552,911,878,1414,1548,1294,1037,470,4690,2760,102,100.0%
212,Jul-20,Chronic,27,29,414,302,170,3677,415,439,498,677,655,663,330,2351,1288,38,47.6%
213,Jul-20,Refugees,22,23,59,308,68,1643,498,209,274,366,195,75,26,828,804,11,21.8%
214,Jul-20,Families,29,42,164,326,52,1951,897,176,244,347,186,64,37,865,1080,6,25.8%
215,Jul-20,Youth,14,44,55,37,73,693,0,693,0,0,0,0,0,403,261,29,9.2%
216,Jul-20,Single Adult,44,444,333,149,587,4908,0,0,1170,1201,1108,973,433,3422,1419,67,65.0%
217,Jul-20,Non-refugees,65,507,493,204,644,5909,413,669,1140,1182,1099,962,444,3862,1956,91,78.2%
218,Aug-20,All Population,89,434,628,477,595,7580,879,891,1459,1552,1304,1032,463,4707,2766,107,100.0%
219,Aug-20,Chronic,21,39,504,308,120,3782,440,446,516,715,686,658,321,2416,1319,47,50.6%
220,Aug-20,Refugees,28,21,79,224,50,1487,449,191,250,330,178,65,24,757,718,12,19.6%
221,Aug-20,Families,23,45,213,264,72,1881,872,186,243,323,169,57,31,831,1045,5,24.8%
222,Aug-20,Youth,18,32,81,43,75,697,0,697,0,0,0,0,0,409,261,27,9.2%
223,Aug-20,Single Adult,48,357,334,170,448,5002,0,0,1216,1229,1135,975,432,3467,1460,75,66.0%
224,Aug-20,Non-refugees,61,413,549,253,545,6093,430,700,1209,1222,1126,967,439,3950,2048,95,80.4%
225,Sep-20,All Population,82,385,595,522,584,7572,806,895,1434,1554,1310,1080,493,4709,2757,106,100.0%
226,Sep-20,Chronic,11,38,374,356,102,3776,377,411,540,715,709,690,334,2431,1299,46,49.9%
227,Sep-20,Refugees,19,24,64,284,50,1412,381,191,257,311,176,70,26,755,642,15,18.7%
228,Sep-20,Families,16,22,217,332,71,1615,803,175,217,259,119,31,11,662,952,1,21.3%
229,Sep-20,Youth,14,43,87,47,68,713,0,713,0,0,0,0,0,427,267,19,9.4%
230,Sep-20,Single Adult,52,320,291,143,445,5244,0,0,1217,1295,1191,1049,482,3620,1538,86,69.3%
231,Sep-20,Non-refugees,63,361,531,238,534,6160,425,704,1177,1243,1134,1010,467,3954,2115,91,81.4%
232,Oct-20,All Population,88,431,636,444,721,7506,764,891,1385,1519,1319,1110,518,4721,2679,106,100.0%
233,Oct-20,Chronic,24,44,296,289,126,3695,301,382,541,701,709,707,354,2418,1232,45,49.2%
234,Oct-20,Refugees,22,18,49,206,71,1215,305,170,229,268,157,63,23,652,550,13,16.2%
235,Oct-20,Families,25,19,210,264,90,1463,735,169,194,218,110,26,11,587,875,1,19.5%
236,Oct-20,Youth,14,33,95,38,71,721,0,721,0,0,0,0,0,433,265,23,9.6%
237,Oct-20,Single Adult,49,379,331,142,560,5323,0,0,1191,1301,1209,1084,507,3701,1539,82,70.9%
238,Oct-20,Non-refugees,66,413,587,238,650,6291,459,721,1156,1251,1162,1047,495,4069,2129,93,83.8%
239,Nov-20,All Population,53,486,598,405,606,7586,710,889,1429,1572,1347,1135,504,4814,2663,109,100.0%
240,Nov-20,Chronic,12,32,209,250,127,3552,238,365,497,675,706,723,348,2358,1146,48,46.8%
241,Nov-20,Refugees,6,30,50,147,56,1096,258,163,215,240,139,63,18,600,483,13,14.5%
242,Nov-20,Families,9,11,186,240,64,1359,679,174,184,185,105,26,6,553,806,0,17.9%
243,Nov-20,Youth,11,40,69,40,71,714,0,714,0,0,0,0,0,431,260,23,9.4%
244,Nov-20,Single Adult,33,435,343,125,471,5513,0,0,1245,1387,1242,1109,498,3830,1597,86,72.7%
245,Nov-20,Non-refugees,47,456,548,258,550,6490,452,726,1214,1332,1208,1072,486,4214,2180,96,85.6%
246,Dec-20,All Population,91,484,621,375,606,7741,661,887,1474,1616,1382,1184,537,4977,2649,115,100.0%
247,Dec-20,Chronic,20,35,212,202,71,3533,205,357,496,684,710,726,355,2353,1128,52,45.6%
248,Dec-20,Refugees,28,21,61,131,51,1024,226,160,197,226,132,63,20,570,442,12,13.2%
249,Dec-20,Families,23,27,161,215,64,1288,633,158,177,178,100,33,9,537,751,0,16.6%
250,Dec-20,Youth,16,39,80,29,71,729,0,729,0,0,0,0,0,440,264,25,9.4%
251,Dec-20,Single Adult,52,418,380,131,471,5724,0,0,1297,1438,1282,1151,528,4000,1634,90,73.9%
252,Dec-20,Non-refugees,63,463,560,244,555,6717,435,727,1277,1390,1250,1121,517,4407,2207,103,86.8%
253,Jan-21,All Population,84,425,647,346,660,7829,619,892,1501,1664,1403,1204,546,5037,2662,130,100.0%
254,Jan-21,Chronic,16,23,303,209,92,3550,203,342,509,685,710,742,359,2349,1143,58,45.3%
255,Jan-21,Refugees,13,23,66,107,39,995,219,153,190,216,131,70,16,564,418,13,12.7%
256,Jan-21,Families,16,15,158,154,67,1239,601,147,169,182,99,31,10,510,729,0,15.8%
257,Jan-21,Youth,12,45,89,35,77,752,0,752,0,0,0,0,0,448,273,31,9.6%
258,Jan-21,Single Adult,56,365,400,157,516,5838,0,0,1332,1482,1304,1173,536,4079,1660,99,74.6%
259,Jan-21,Non-refugees,71,402,581,239,621,6834,400,739,1311,1448,1272,1134,530,4473,2244,117,87.3%
260,Jan-21,Indigenous,11,99,41,12,90,895,6,96,254,240,189,85,25,540,320,35,11.4%
261,Feb-21,All Population,88,389,590,297,670,7871,609,884,1528,1698,1397,1202,553,5079,2650,142,100.0%
262,Feb-21,Chronic,21,26,286,169,86,3601,220,332,520,694,716,751,368,2382,1158,61,45.8%
263,Feb-21,Refugees,13,22,68,67,39,996,223,148,193,215,131,69,17,562,421,13,12.7%
264,Feb-21,Families,17,4,149,125,62,1221,590,139,156,192,101,33,10,513,708,0,15.5%
265,Feb-21,Youth,15,39,87,45,66,743,0,743,0,0,0,0,0,439,268,36,9.4%
266,Feb-21,Single Adult,56,346,354,127,542,5907,0,0,1372,1506,1296,1169,543,4127,1674,106,75.0%
267,Feb-21,Non-refugees,75,367,522,230,631,6875,386,736,1335,1483,1266,1133,536,4517,2229,129,87.3%
268,Feb-21,Indigenous,8,95,49,35,73,927,5,100,266,260,182,84,30,554,335,38,11.8%
269,Mar-21,All Population,71,389,539,341,725,7745,584,863,1530,1656,1387,1186,539,4996,2593,156,100.0%
270,Mar-21,Chronic,18,20,295,186,113,3615,222,320,521,713,721,757,361,2389,1165,61,46.7%
271,Mar-21,Refugees,12,13,47,80,34,961,227,141,180,204,126,68,15,545,406,10,12.4%
272,Mar-21,Families,12,14,113,124,72,1165,570,127,157,183,90,31,7,485,679,1,15.0%
273,Mar-21,Youth,20,36,92,52,83,735,0,735,0,0,0,0,0,433,258,44,9.5%
274,Mar-21,Single Adult,39,339,334,165,570,5845,0,0,1373,1473,1297,1155,532,4078,1656,111,75.5%
275,Mar-21,Non-refugees,59,376,492,261,691,6784,357,722,1350,1452,1261,1118,524,4451,2187,146,87.6%
276,Mar-21,Indigenous,7,74,39,25,101,912,3,99,267,246,181,86,30,537,333,42,11.8%
277,Apr-21,All Population,69,309,480,268,778,7516,573,906,1442,1568,1366,1133,528,4784,2570,162,100.0%
278,Apr-21,Chronic,16,18,283,165,122,3627,217,312,528,716,751,747,356,2388,1177,62,48.3%
279,Apr-21,Refugees,16,14,41,45,52,939,223,145,182,192,117,65,15,534,395,10,12.5%
280,Apr-21,Families,16,13,132,91,76,1157,559,134,159,173,93,32,7,485,671,1,15.4%
281,Apr-21,Youth,15,37,95,29,69,771,0,771,0,0,0,0,0,446,276,49,10.3%
282,Apr-21,Single Adult,38,259,253,148,633,5588,0,0,1283,1395,1273,1101,521,3853,1623,112,74.3%
283,Apr-21,Non-refugees,53,295,439,223,726,6577,350,761,1260,1376,1249,1068,513,4250,2175,152,87.5%
284,Apr-21,Indigenous,7,57,37,18,131,861,4,94,260,223,173,78,29,501,318,42,11.5%
285,May-21,All Population,78,485,626,278,784,7575,569,901,1490,1593,1378,1114,530,4816,2607,152,100.0%
286,May-21,Chronic,16,36,346,159,95,3739,230,308,567,751,770,750,363,2451,1224,64,49.4%
287,May-21,Refugees,10,22,43,46,30,939,220,144,183,193,124,58,17,534,396,9,12.4%
288,May-21,Families,11,22,152,95,69,1173,562,132,165,170,88,38,10,486,686,1,15.5%
289,May-21,Youth,23,37,87,33,97,769,0,769,0,0,0,0,0,452,271,46,10.2%
290,May-21,Single Adult,44,426,387,150,618,5633,0,0,1325,1423,1290,1079,520,3878,1650,105,74.4%
291,May-21,Non-refugees,68,463,583,232,754,6636,349,757,1307,1400,1254,1056,513,4282,2211,143,87.6%
292,May-21,Indigenous,7,102,66,14,120,888,7,94,258,244,180,77,28,501,349,38,11.7%
293,Jun-21,All Population,98,465,719,253,514,8037,618,979,1570,1725,1454,1140,551,5101,2775,161,100.0%
294,Jun-21,Chronic,13,37,320,152,92,3840,226,326,576,778,800,763,371,2521,1252,67,47.8%
295,Jun-21,Refugees,16,20,105,62,27,998,244,152,189,201,128,68,16,549,439,10,12.4%
296,Jun-21,Families,28,13,227,97,50,1276,611,152,166,194,102,42,9,527,747,2,15.9%
297,Jun-21,Youth,16,44,102,24,66,826,0,826,0,0,0,0,0,484,294,48,10.3%
298,Jun-21,Single Adult,54,408,390,132,398,5935,0,0,1404,1531,1352,1098,542,4090,1734,111,73.8%
299,Jun-21,Non-refugees,82,445,614,191,487,7039,374,827,1381,1524,1326,1072,535,4552,2336,151,87.6%
300,Jun-21,Indigenous,13,105,45,24,74,936,3,104,261,263,194,85,26,541,355,40,11.6%
301,Jul-21,All Population,87,453,740,284,637,8322,673,972,1636,1794,1497,1185,565,5274,2889,159,100.0%
302,Jul-21,Chronic,20,39,302,162,108,3904,247,317,585,796,812,766,381,2565,1270,69,46.9%
303,Jul-21,Refugees,14,22,70,65,28,1014,258,150,187,203,124,74,18,557,446,11,12.2%
304,Jul-21,Families,19,13,206,96,50,1356,671,143,177,208,99,46,12,553,803,0,16.3%
305,Jul-21,Youth,8,54,97,45,89,829,0,829,0,0,0,0,0,492,288,49,10.0%
306,Jul-21,Single Adult,60,386,437,143,498,6137,0,0,1459,1586,1398,1139,553,4229,1798,110,73.7%
307,Jul-21,Non-refugees,73,431,670,219,609,7308,415,822,1449,1591,1373,1111,547,4717,2443,148,87.8%
308,Jul-21,Indigenous,13,90,58,25,95,972,5,108,264,272,199,101,23,561,370,41,11.7%
309,Aug-21,All Population,104,452,685,306,728,8479,701,972,1711,1813,1490,1211,581,5368,2958,153,100.0%
310,Aug-21,Chronic,17,21,308,175,146,3915,237,340,584,802,802,763,387,2571,1274,70,46.2%
311,Aug-21,Refugees,24,25,54,89,39,995,254,143,188,198,113,78,21,541,444,10,11.7%
312,Aug-21,Families,26,39,170,138,72,1378,686,147,191,206,87,47,14,564,812,2,16.3%
313,Aug-21,Youth,12,36,95,28,107,823,0,823,0,0,0,0,0,481,294,48,9.7%
314,Aug-21,Single Adult,66,377,420,140,549,6278,0,0,1520,1607,1403,1164,567,4323,1852,103,74.0%
315,Aug-21,Non-refugees,80,427,631,217,689,7484,447,829,1523,1615,1377,1133,560,4827,2514,143,88.3%
316,Aug-21,Indigenous,15,82,41,17,115,1002,5,114,283,271,204,98,27,586,373,43,11.8%
317,Sep-21,All Population,101,433,832,255,753,8760,787,1011,1706,1882,1519,1262,593,5524,3083,153,100.0%
318,Sep-21,Chronic,26,36,259,129,119,3958,230,347,590,828,801,771,391,2600,1286,72,45.2%
319,Sep-21,Refugees,16,30,185,53,45,1149,312,161,218,236,121,78,23,613,525,11,13.1%
320,Sep-21,Families,28,29,299,91,90,1548,772,168,204,241,101,48,14,631,915,2,17.7%
321,Sep-21,Youth,13,55,98,42,88,842,0,842,0,0,0,0,0,495,297,50,9.6%
322,Sep-21,Single Adult,60,349,435,122,575,6370,0,0,1502,1641,1418,1214,579,4398,1871,101,72.7%
323,Sep-21,Non-refugees,85,403,647,202,708,7611,475,850,1488,1646,1398,1184,570,4911,2558,142,86.9%
324,Sep-21,Indigenous,13,85,53,18,118,1026,8,122,272,282,208,102,32,599,379,48,11.7%
325,Oct-21,All Population,80,450,850,270,823,8992,847,1052,1744,1921,1535,1298,595,5665,3175,152,100.0%
326,Oct-21,Chronic,15,49,289,137,135,4010,237,362,592,832,806,781,400,2630,1307,73,44.6%
327,Oct-21,Refugees,15,26,210,65,38,1301,364,182,249,270,133,78,25,691,599,11,14.5%
328,Oct-21,Families,18,31,271,104,60,1700,839,190,227,259,115,54,16,703,996,1,18.9%
329,Oct-21,Youth,13,48,109,38,97,861,0,861,0,0,0,0,0,508,301,52,9.6%
330,Oct-21,Single Adult,49,371,470,128,666,6431,0,0,1517,1662,1420,1244,579,4454,1878,99,71.5%
331,Oct-21,Non-refugees,65,424,640,205,785,7691,483,870,1495,1651,1402,1220,570,4974,2576,141,85.5%
332,Oct-21,Indigenous,10,93,59,26,127,1053,6,134,265,308,204,104,32,628,381,44,11.7%
333,Nov-21,All Population,77,455,783,250,813,9199,849,1060,1771,1982,1579,1342,616,5815,3235,149,100.0%
334,Nov-21,Chronic,17,48,379,144,151,4131,231,371,632,854,831,789,423,2704,1348,79,44.9%
335,Nov-21,Refugees,17,20,214,65,53,1349,362,187,274,282,143,79,22,715,624,10,14.7%
336,Nov-21,Families,14,25,237,136,91,1754,846,205,224,281,122,57,19,727,1026,1,19.1%
337,Nov-21,Youth,19,40,80,29,96,855,0,855,0,0,0,0,0,492,310,53,9.3%
338,Nov-21,Single Adult,44,390,466,85,626,6590,0,0,1547,1701,1457,1285,597,4596,1899,95,71.6%
339,Nov-21,Non-refugees,60,435,569,185,760,7850,487,873,1497,1700,1436,1263,594,5100,2611,139,85.3%
340,Nov-21,Indigenous,7,99,45,14,134,1070,6,122,259,314,223,114,32,644,381,45,11.6%
341,Dec-21,All Population,52,319,806,261,805,9255,901,1054,1742,1991,1587,1343,637,5813,3294,148,100.0%
342,Dec-21,Chronic,11,34,376,151,120,4258,269,385,632,875,844,819,434,2755,1420,83,46.0%
343,Dec-21,Refugees,10,18,286,73,63,1530,415,204,311,330,167,80,23,798,718,14,16.5%
344,Dec-21,Families,7,15,262,125,68,1827,888,200,234,302,133,50,20,760,1065,2,19.7%
345,Dec-21,Youth,9,29,99,24,101,850,0,850,0,0,0,0,0,480,315,55,9.2%
346,Dec-21,Single Adult,36,275,445,112,636,6578,0,0,1508,1689,1454,1293,617,4573,1914,91,71.1%
347,Dec-21,Non-refugees,42,301,520,188,742,7725,486,850,1431,1661,1420,1263,614,5015,2576,134,83.5%
348,Dec-21,Indigenous,4,56,35,19,128,1043,5,126,244,301,217,118,32,624,374,45,11.3%
349,Jan-22,All Population,85,408,741,235,781,9410,909,1055,1796,2011,1625,1362,652,5897,3346,167,100.0%
350,Jan-22,Chronic,27,32,359,131,153,4365,283,385,659,902,851,835,450,2810,1466,89,46.4%
351,Jan-22,Refugees,14,22,269,61,48,1726,470,229,343,382,192,83,27,895,816,15,18.3%
352,Jan-22,Families,11,5,177,112,66,1861,896,204,236,320,133,52,20,765,1095,1,19.8%
353,Jan-22,Youth,19,42,91,33,95,851,0,851,0,0,0,0,0,479,310,62,9.0%
354,Jan-22,Single Adult,55,361,473,90,620,6698,0,0,1560,1691,1492,1310,632,4653,1941,104,71.2%
355,Jan-22,Non-refugees,71,386,472,174,733,7684,439,826,1453,1629,1433,1279,625,5002,2530,152,81.7%
356,Jan-22,Indigenous,13,102,54,13,123,1098,5,127,264,313,227,127,35,666,380,52,11.7%
357,Feb-22,All Population,87,370,780,282,721,9559,920,1096,1802,2041,1671,1374,655,6002,3393,164,100.0%
358,Feb-22,Chronic,25,28,372,130,119,4508,314,388,678,925,889,865,449,2912,1508,88,47.2%
359,Feb-22,Refugees,22,21,240,117,62,1833,487,261,365,393,212,87,28,959,858,16,19.2%
360,Feb-22,Families,11,7,238,142,63,1904,912,213,244,325,149,43,18,783,1120,1,19.9%
361,Feb-22,Youth,13,45,104,35,75,882,0,882,0,0,0,0,0,488,330,64,9.2%
362,Feb-22,Single Adult,63,318,438,105,583,6773,0,0,1558,1716,1522,1331,637,4731,1943,99,70.9%
363,Feb-22,Non-refugees,65,349,540,165,659,7726,433,835,1437,1648,1459,1287,627,5043,2535,148,80.8%
364,Feb-22,Indigenous,15,90,57,18,98,1159,6,134,277,337,242,126,37,712,397,50,12.1%
365,Mar-22,All Population,101,349,954,321,673,9933,1012,1165,1850,2141,1694,1410,661,6187,3584,162,100.0%
366,Mar-22,Chronic,18,26,468,175,138,4686,345,417,687,953,930,906,448,2998,1598,90,47.2%
367,Mar-22,Refugees,27,20,421,131,72,2099,582,312,396,441,241,96,31,1082,1003,14,21.1%
368,Mar-22,Families,30,25,404,171,71,2115,1006,248,260,362,169,52,18,886,1226,3,21.3%
369,Mar-22,Youth,16,35,108,29,75,913,0,913,0,0,0,0,0,511,342,60,9.2%
370,Mar-22,Single Adult,55,289,442,121,527,6905,0,0,1590,1779,1525,1358,643,4790,2016,99,69.5%
371,Mar-22,Non-refugees,74,329,533,190,601,7834,430,853,1454,1700,1453,1314,630,5105,2581,148,78.9%
372,Mar-22,Indigenous,10,69,52,17,115,1193,6,140,289,358,232,126,42,724,415,54,12.0%
373,Apr-22,All Population,77,316,718,283,803,9913,1053,1175,1821,2098,1696,1408,662,6173,3585,155,100.0%
374,Apr-22,Chronic,12,27,415,161,167,4778,364,441,683,983,954,916,437,3044,1645,89,48.2%
375,Apr-22,Refugees,7,24,309,91,89,2263,631,333,418,467,272,109,33,1169,1079,15,22.8%
376,Apr-22,Families,17,11,279,136,76,2208,1045,267,275,369,182,53,17,947,1258,3,22.3%
377,Apr-22,Youth,9,29,91,17,96,908,0,908,0,0,0,0,0,503,351,54,9.2%
378,Apr-22,Single Adult,51,276,348,130,631,6797,0,0,1546,1729,1514,1355,645,4723,1976,98,68.6%
379,Apr-22,Non-refugees,70,292,409,192,714,7650,422,842,1403,1631,1424,1299,629,5004,2506,140,77.2%
380,Apr-22,Indigenous,15,77,27,19,162,1153,3,121,285,358,217,126,43,708,394,51,11.6%
381,May-22,All Population,82,309,740,333,939,9732,1073,1180,1779,1978,1685,1372,665,6004,3580,148,100.0%
382,May-22,Chronic,9,37,471,217,172,4885,392,478,697,956,978,927,457,3090,1709,86,50.2%
383,May-22,Refugees,23,21,285,127,96,2379,655,355,464,465,297,105,38,1243,1126,10,24.4%
384,May-22,Families,23,14,226,144,69,2260,1064,272,279,379,196,51,19,977,1282,1,23.2%
385,May-22,Youth,10,40,91,23,102,907,0,907,0,0,0,0,0,499,353,55,9.3%
386,May-22,Single Adult,49,255,423,166,768,6565,0,0,1500,1599,1489,1321,646,4528,1945,92,67.5%
387,May-22,Non-refugees,59,288,455,206,843,7353,418,825,1315,1513,1388,1267,627,4761,2454,138,75.6%
388,May-22,Indigenous,6,81,44,20,155,1130,3,122,278,337,225,127,38,689,396,45,11.6%
389,Jun-22,All Population,81,382,779,373,791,9752,1091,1193,1808,1972,1668,1346,674,5966,3636,150,100.0%
390,Jun-22,Chronic,17,55,395,199,190,4916,415,482,698,961,985,911,464,3105,1716,95,50.4%
391,Jun-22,Refugees,20,21,285,175,79,2449,675,360,494,483,292,106,39,1281,1156,12,25.1%
392,Jun-22,Families,9,13,252,201,100,2218,1052,261,289,366,187,44,19,963,1253,2,22.7%
393,Jun-22,Youth,16,37,100,27,81,932,0,932,0,0,0,0,0,501,375,56,9.6%
394,Jun-22,Single Adult,56,332,427,145,610,6602,0,0,1519,1606,1481,1302,655,4502,2008,92,67.7%
395,Jun-22,Non-refugees,61,361,494,198,712,7303,416,833,1314,1489,1376,1240,635,4685,2480,138,74.9%
396,Jun-22,Indigenous,9,80,42,17,144,1103,3,125,265,325,232,120,33,652,410,41,11.3%
397,Jul-22,All Population,74,277,814,344,762,9768,1125,1165,1841,1989,1652,1322,674,5920,3701,147,100.0%
398,Jul-22,Chronic,10,31,388,225,209,4901,408,495,682,952,981,907,476,3094,1715,92,50.2%
399,Jul-22,Refugees,16,16,396,164,81,2638,696,374,573,540,303,113,39,1362,1264,12,27.0%
400,Jul-22,Families,19,21,262,181,78,2274,1088,265,287,381,186,48,19,971,1301,2,23.3%
401,Jul-22,Youth,10,18,77,33,77,899,0,899,0,0,0,0,0,481,366,52,9.2%
402,Jul-22,Single Adult,45,238,475,130,607,6595,0,0,1554,1608,1466,1274,655,4468,2034,93,67.5%
403,Jul-22,Non-refugees,58,261,418,180,681,7130,429,791,1268,1449,1349,1209,635,4558,2437,135,73.0%
404,Jul-22,Indigenous,8,56,24,21,144,1034,2,118,247,307,224,100,36,607,388,39,10.6%
405,Aug-22,All Population,82,289,797,418,743,9724,1114,1156,1818,2019,1619,1323,675,5917,3658,149,100.0%
406,Aug-22,Chronic,20,42,381,230,212,4899,388,511,689,949,973,912,477,3087,1723,89,50.4%
407,Aug-22,Refugees,21,23,452,220,106,2813,699,379,630,622,321,124,38,1465,1333,15,28.9%
408,Aug-22,Families,28,19,256,241,76,2257,1078,252,271,403,187,48,18,980,1275,2,23.2%
409,Aug-22,Youth,4,32,97,23,80,904,0,904,0,0,0,0,0,485,361,58,9.3%
410,Aug-22,Single Adult,50,238,444,154,587,6563,0,0,1547,1616,1432,1275,657,4452,2022,89,67.5%
411,Aug-22,Non-refugees,61,266,345,198,637,6911,415,777,1188,1397,1298,1199,637,4452,2325,134,71.1%
412,Aug-22,Indigenous,6,62,28,20,145,971,3,116,226,286,204,103,33,580,354,37,10.0%
413,Sep-22,All Population,73,265,791,376,746,9690,1126,1158,1802,2013,1638,1301,652,5855,3688,147,100.0%
414,Sep-22,Chronic,15,49,502,244,193,4978,442,527,700,959,985,895,470,3131,1755,92,51.4%
415,Sep-22,Refugees,21,19,366,164,92,2976,702,413,686,673,336,124,42,1522,1437,17,30.7%
416,Sep-22,Families,14,6,236,176,70,2221,1095,244,262,386,176,42,16,939,1280,2,22.9%
417,Sep-22,Youth,8,20,104,33,80,914,0,914,0,0,0,0,0,496,358,60,9.4%
418,Sep-22,Single Adult,51,239,451,167,596,6555,0,0,1540,1627,1462,1259,636,4420,2050,85,67.6%
419,Sep-22,Non-refugees,52,246,425,212,654,6714,424,745,1116,1340,1302,1177,610,4333,2251,130,69.3%
420,Sep-22,Indigenous,7,57,42,25,143,915,2,111,206,260,205,100,31,548,335,32,9.4%
421,Oct-22,All Population,49,281,733,453,651,9622,1155,1132,1854,1991,1597,1263,630,5810,3662,150,100.0%
422,Oct-22,Chronic,8,50,409,305,212,4926,426,520,705,947,962,898,468,3103,1730,93,51.2%
423,Oct-22,Refugees,13,11,403,218,83,3109,728,425,743,700,351,117,45,1600,1491,18,32.3%
424,Oct-22,Families,10,21,319,246,61,2260,1132,242,280,368,176,45,17,948,1310,2,23.5%
425,Oct-22,Youth,7,20,65,27,74,889,0,889,0,0,0,0,0,479,349,61,9.2%
426,Oct-22,Single Adult,32,240,349,180,516,6473,0,0,1574,1623,1421,1218,613,4383,2003,87,67.3%
427,Oct-22,Non-refugees,36,270,330,235,568,6513,427,707,1111,1291,1246,1146,585,4210,2171,132,67.7%
428,Oct-22,Indigenous,5,78,27,23,112,895,2,106,219,246,195,99,28,536,328,31,9.3%
429,Nov-22,All Population,56,370,722,464,565,9711,1134,1139,1905,2025,1627,1255,626,5904,3662,145,100.0%
430,Nov-22,Chronic,11,68,381,295,163,4898,391,516,720,935,971,893,472,3100,1707,91,50.4%
431,Nov-22,Refugees,15,21,368,248,89,3185,717,437,785,710,375,114,47,1656,1512,17,32.8%
432,Nov-22,Families,5,13,270,236,63,2255,1117,248,274,367,188,43,18,949,1304,2,23.2%
433,Nov-22,Youth,9,34,88,43,61,889,0,889,0,0,0,0,0,492,338,59,9.2%
434,Nov-22,Single Adult,42,323,364,185,441,6567,0,0,1631,1658,1439,1212,608,4463,2020,84,67.6%
435,Nov-22,Non-refugees,41,349,354,216,476,6526,417,702,1120,1315,1252,1141,579,4248,2150,128,67.2%
436,Nov-22,Indigenous,7,96,32,21,111,897,2,97,211,263,196,103,25,549,321,27,9.2%
437,Dec-22,All Population,93,500,1226,503,563,10408,1273,1234,2096,2190,1690,1304,621,6337,3919,152,100.0%
438,Dec-22,Chronic,19,76,414,322,158,4895,379,518,740,947,947,896,468,3088,1720,87,47.0%
439,Dec-22,Refugees,31,24,605,263,82,3530,803,497,893,784,385,122,46,1869,1643,18,33.9%
440,Dec-22,Families,27,20,554,263,70,2529,1251,290,330,414,186,41,17,1082,1445,2,24.3%
441,Dec-22,Youth,12,32,123,29,64,936,0,936,0,0,0,0,0,523,353,60,9.0%
442,Dec-22,Single Adult,54,448,549,211,429,6943,0,0,1766,1776,1504,1263,604,4732,2121,90,66.7%
443,Dec-22,Non-refugees,62,476,621,240,481,6878,470,737,1203,1406,1305,1182,575,4468,2276,134,66.1%
444,Dec-22,Indigenous,8,124,52,17,98,978,3,99,243,280,218,103,32,606,339,33,9.4%
445,Jan-23,All Population,75,441,813,448,546,10702,1272,1242,2232,2262,1730,1352,612,6511,4018,173,100.0%
446,Jan-23,Chronic,8,56,556,284,190,5015,387,501,819,992,953,906,457,3140,1784,91,46.9%
447,Jan-23,Refugees,16,30,339,248,97,3575,795,502,934,786,392,126,40,1914,1641,20,33.4%
448,Jan-23,Families,22,14,220,224,50,2508,1245,281,326,417,184,39,16,1068,1437,3,23.4%
449,Jan-23,Youth,13,25,103,34,68,959,0,959,0,0,0,0,0,538,354,67,9.0%
450,Jan-23,Single Adult,40,402,490,190,428,7235,0,0,1906,1845,1546,1313,596,4905,2227,103,67.6%
451,Jan-23,Non-refugees,59,411,474,200,449,7127,477,740,1298,1476,1338,1226,572,4597,2377,153,66.6%
452,Jan-23,Indigenous,10,104,44,20,107,1018,2,99,249,309,219,107,33,627,353,38,9.5%
453,Feb-23,All Population,73,438,865,492,674,10849,1231,1233,2294,2351,1751,1385,604,6638,4030,181,100.0%
454,Feb-23,Chronic,16,57,416,317,152,5001,373,477,827,1032,952,903,437,3146,1761,94,46.1%
455,Feb-23,Refugees,20,34,382,302,114,3592,759,517,947,805,395,131,38,1954,1618,20,33.1%
456,Feb-23,Families,11,13,255,215,108,2458,1213,268,318,423,177,42,17,1056,1400,2,22.7%
457,Feb-23,Youth,13,24,110,59,68,963,0,963,0,0,0,0,0,543,353,67,8.9%
458,Feb-23,Single Adult,49,401,500,218,498,7428,0,0,1976,1928,1574,1343,587,5039,2277,112,68.5%
459,Feb-23,Non-refugees,53,404,483,190,560,7257,472,716,1347,1546,1356,1254,566,4684,2412,161,66.9%
460,Feb-23,Indigenous,8,105,48,19,105,1067,2,99,253,350,226,110,27,661,364,42,9.8%
461,Mar-23,All Population,79,322,801,523,683,10811,1237,1237,2298,2351,1714,1369,605,6614,4017,180,100.0%
462,Mar-23,Chronic,14,53,463,304,135,5091,380,488,849,1067,960,907,440,3196,1805,90,47.1%
463,Mar-23,Refugees,27,26,377,308,91,3633,764,537,962,811,386,130,43,1981,1630,22,33.6%
464,Mar-23,Families,13,10,292,252,37,2475,1224,265,330,433,165,41,17,1055,1419,1,22.9%
465,Mar-23,Youth,9,30,106,48,79,971,0,971,0,0,0,0,0,543,367,61,9.0%
466,Mar-23,Single Adult,57,282,403,223,567,7365,0,0,1968,1918,1549,1328,588,5016,2231,118,68.1%
467,Mar-23,Non-refugees,52,296,424,215,592,7178,473,700,1336,1540,1328,1239,562,4633,2387,158,66.4%
468,Mar-23,Indigenous,11,77,38,17,117,1078,4,109,263,333,226,113,30,661,376,41,10.0%
469,Apr-23,All Population,66,301,766,595,787,10515,1225,1249,2244,2252,1639,1306,600,6426,3912,177,100.0%
470,Apr-23,Chronic,17,36,440,377,153,5017,394,482,832,1050,937,875,447,3159,1775,83,47.7%
471,Apr-23,Refugees,17,20,409,347,80,3663,779,571,974,794,384,122,39,2001,1641,21,34.8%
472,Apr-23,Families,16,10,245,272,43,2432,1215,261,325,421,160,39,11,1041,1389,2,23.1%
473,Apr-23,Youth,7,32,103,47,50,986,0,986,0,0,0,0,0,550,373,63,9.4%
474,Apr-23,Single Adult,43,259,418,276,694,7097,0,0,1919,1831,1479,1267,589,4835,2150,112,67.5%
475,Apr-23,Non-refugees,49,281,357,248,707,6852,446,678,1270,1458,1255,1184,561,4425,2271,156,65.2%
476,Apr-23,Indigenous,6,88,23,22,151,1023,6,107,243,323,207,105,32,628,353,42,9.7%
477,May-23,All Population,68,266,1132,704,773,10453,1242,1272,2275,2219,1587,1258,600,6396,3891,166,100.0%
478,May-23,Chronic,14,35,443,414,175,4917,392,472,815,1017,929,849,443,3107,1729,81,47.0%
479,May-23,Refugees,19,24,764,444,124,3914,779,635,1093,849,401,118,39,2187,1708,19,37.4%
480,May-23,Families,21,15,401,323,83,2458,1230,257,329,435,157,37,13,1063,1393,2,23.5%
481,May-23,Youth,4,19,166,62,89,1015,0,1015,0,0,0,0,0,577,384,54,9.7%
482,May-23,Single Adult,43,232,565,319,601,6980,0,0,1946,1784,1430,1221,587,4756,2114,110,66.8%
483,May-23,Non-refugees,49,242,368,260,649,6539,463,637,1182,1370,1186,1140,561,4209,2183,147,62.6%
484,May-23,Indigenous,4,70,26,21,130,972,9,94,233,310,194,101,31,601,333,38,9.3%
485,Jun-23,All Population,47,188,899,446,701,10418,1282,1310,2280,2191,1581,1200,574,6331,3934,153,100.0%
486,Jun-23,Chronic,8,26,648,285,179,5111,528,511,835,1024,942,833,438,3195,1836,80,49.1%
487,Jun-23,Refugees,18,14,576,262,97,4171,780,683,1178,931,435,127,37,2335,1817,19,40.0%
488,Jun-23,Families,9,8,287,192,24,2554,1272,277,342,441,168,40,14,1124,1429,1,24.5%
489,Jun-23,Youth,7,25,114,40,71,1033,0,1033,0,0,0,0,0,589,393,51,9.9%
490,Jun-23,Single Adult,31,155,498,214,606,6831,0,0,1938,1750,1413,1160,560,4618,2112,101,65.6%
491,Jun-23,Non-refugees,29,174,323,184,604,6247,502,627,1102,1260,1146,1073,537,3996,2117,134,60.0%
492,Jun-23,Indigenous,5,51,27,26,172,855,10,80,208,272,167,92,26,533,292,30,8.2%
493,Jul-23,All Population,34,148,599,248,807,10110,1279,1314,2208,2131,1502,1124,552,6058,3910,142,100.0%
494,Jul-23,Chronic,12,27,427,160,246,5145,559,530,868,1031,933,796,428,3198,1863,84,50.9%
495,Jul-23,Refugees,12,14,389,117,125,4354,787,720,1242,983,455,130,37,2398,1934,22,43.1%
496,Jul-23,Families,6,5,133,83,59,2557,1267,284,331,448,172,41,14,1121,1434,2,25.3%
497,Jul-23,Youth,4,18,95,24,71,1029,0,1029,0,0,0,0,0,582,399,48,10.2%
498,Jul-23,Single Adult,24,125,371,141,677,6524,0,0,1877,1683,1330,1083,538,4355,2077,92,64.5%
499,Jul-23,Non-refugees,22,134,210,131,682,5756,492,594,966,1148,1047,994,515,3660,1976,120,56.9%
500,Jul-23,Indigenous,4,35,17,6,161,749,9,80,167,235,151,83,24,464,259,26,7.4%
501,Aug-23,All Population,42,201,539,246,632,9988,1262,1292,2223,2128,1459,1091,533,5968,3892,128,100.0%
502,Aug-23,Chronic,9,35,517,169,194,5338,619,554,932,1076,944,795,418,3294,1962,82,53.4%
503,Aug-23,Refugees,8,19,332,89,113,4525,782,726,1320,1049,466,140,42,2512,1994,19,45.3%
504,Aug-23,Families,4,6,86,73,46,2539,1251,281,332,447,167,46,15,1116,1422,1,25.4%
505,Aug-23,Youth,4,18,82,32,65,1011,0,1011,0,0,0,0,0,571,395,45,10.1%
506,Aug-23,Single Adult,34,177,371,141,521,6438,0,0,1891,1681,1292,1045,518,4281,2075,82,64.5%
507,Aug-23,Non-refugees,34,182,207,157,519,5463,480,566,903,1079,993,951,491,3456,1898,109,54.7%
508,Aug-23,Indigenous,5,50,21,17,136,668,7,74,143,210,131,82,21,414,232,22,6.7%
509,Sep-23,All Population,49,194,841,348,483,10212,1267,1323,2320,2196,1478,1093,535,6056,4022,134,100.0%
510,Sep-23,Chronic,12,38,624,219,182,5596,727,591,991,1124,939,801,423,3385,2125,86,54.8%
511,Sep-23,Refugees,12,21,605,220,89,4855,799,762,1463,1147,492,149,43,2668,2162,25,47.5%
512,Sep-23,Families,11,3,200,176,25,2552,1260,283,337,442,171,44,15,1111,1440,1,25.0%
513,Sep-23,Youth,3,19,117,34,58,1039,0,1039,0,0,0,0,0,579,413,47,10.2%
514,Sep-23,Single Adult,35,172,524,138,400,6621,0,0,1983,1754,1307,1049,520,4366,2169,86,64.8%
515,Sep-23,Non-refugees,37,173,236,128,394,5357,468,561,857,1049,986,944,492,3388,1860,109,52.5%
516,Sep-23,Indigenous,7,57,23,11,88,660,7,69,133,210,137,79,25,397,241,22,6.5%
517,Oct-23,All Population,33,165,929,710,502,10111,1223,1303,2322,2214,1466,1052,531,6011,3957,143,100.0%
518,Oct-23,Chronic,13,30,635,492,213,5564,717,610,995,1107,934,771,430,3347,2131,86,55.0%
519,Oct-23,Refugees,11,18,708,512,83,5002,806,758,1516,1228,501,153,40,2783,2191,28,49.5%
520,Oct-23,Families,2,6,330,377,44,2475,1217,279,314,442,165,44,14,1081,1393,1,24.5%
521,Oct-23,Youth,10,16,105,70,57,1023,0,1023,0,0,0,0,0,582,391,50,10.1%
522,Oct-23,Single Adult,21,143,494,263,401,6613,0,0,2008,1772,1301,1008,517,4348,2173,92,65.4%
523,Oct-23,Non-refugees,22,147,221,198,419,5109,417,545,806,986,965,899,491,3228,1766,115,50.5%
524,Oct-23,Indigenous,6,49,29,8,92,649,5,63,140,197,138,77,29,389,232,28,6.4%
525,Nov-23,All Population,69,267,1113,550,472,10498,1265,1327,2431,2341,1537,1068,529,6280,4083,135,100.0%
526,Nov-23,Chronic,18,66,729,439,194,5711,693,623,1096,1148,955,767,429,3450,2176,85,54.4%
527,Nov-23,Refugees,20,40,808,357,122,5386,848,786,1650,1336,565,162,39,3027,2330,29,51.3%
528,Nov-23,Families,21,11,367,293,49,2525,1256,274,328,443,173,40,11,1095,1429,1,24.1%
529,Nov-23,Youth,7,25,137,73,51,1052,0,1052,0,0,0,0,0,601,402,49,10.0%
530,Nov-23,Single Adult,41,231,609,184,372,6921,0,0,2103,1898,1364,1028,518,4584,2252,85,65.9%
531,Nov-23,Non-refugees,49,227,305,193,350,5112,417,541,781,1005,972,906,490,3253,1753,106,48.7%
532,Nov-23,Indigenous,10,65,26,8,80,665,8,62,144,191,150,83,27,406,233,26,6.3%
533,Dec-23,All Population,53,266,886,617,447,10607,1264,1349,2464,2409,1527,1067,527,6376,4096,135,100.0%
534,Dec-23,Chronic,4,64,634,504,155,5774,687,631,1128,1211,946,757,414,3492,2196,86,54.4%
535,Dec-23,Refugees,10,24,621,399,148,5512,867,801,1687,1372,585,165,35,3108,2378,26,52.0%
536,Dec-23,Families,14,6,312,309,32,2522,1258,269,344,435,166,37,13,1086,1434,2,23.8%
537,Dec-23,Youth,8,19,110,47,56,1079,0,1079,0,0,0,0,0,623,411,45,10.2%
538,Dec-23,Single Adult,31,241,464,261,359,7006,0,0,2120,1974,1361,1030,514,4667,2251,88,66.1%
539,Dec-23,Non-refugees,43,242,265,218,299,5095,397,548,777,1037,942,902,492,3268,1718,109,48.0%
540,Dec-23,Indigenous,8,74,18,14,81,679,9,64,141,199,153,81,32,414,238,27,6.4%
541,Jan-24,All Population,53,383,930,520,431,10999,1259,1338,2575,2549,1606,1125,547,6675,4182,142,100.0%
542,Jan-24,Chronic,11,78,547,385,135,5888,714,634,1146,1247,977,758,412,3538,2263,87,53.5%
543,Jan-24,Refugees,7,32,567,363,137,5628,881,794,1718,1422,601,175,37,3192,2410,26,51.2%
544,Jan-24,Families,11,4,249,225,36,2522,1254,276,337,435,167,41,12,1090,1430,2,22.9%
545,Jan-24,Youth,3,24,85,56,51,1061,0,1061,0,0,0,0,0,606,408,47,9.6%
546,Jan-24,Single Adult,39,355,596,239,344,7416,0,0,2238,2114,1439,1084,535,4979,2344,93,67.4%
547,Jan-24,Non-refugees,46,351,363,157,294,5371,378,544,857,1127,1005,950,510,3483,1772,116,48.8%
548,Jan-24,Indigenous,8,138,44,16,67,792,6,70,188,236,171,86,35,495,267,30,7.2%
549,Feb-24,All Population,47,206,803,495,369,11173,1254,1338,2621,2647,1632,1131,550,6774,4260,139,100.0%
550,Feb-24,Chronic,19,29,497,370,112,5940,729,621,1162,1257,995,776,400,3549,2309,82,53.2%
551,Feb-24,Refugees,8,24,510,330,87,5768,867,800,1764,1486,628,185,38,3293,2450,25,51.6%
552,Feb-24,Families,6,16,245,227,23,2538,1250,281,343,436,166,49,13,1087,1449,2,22.7%
553,Feb-24,Youth,5,15,87,39,56,1056,0,1056,0,0,0,0,0,604,403,49,9.5%
554,Feb-24,Single Adult,36,175,471,229,290,7579,0,0,2278,2211,1466,1082,537,5083,2408,88,67.8%
555,Feb-24,Non-refugees,39,182,293,165,282,5405,387,538,857,1161,1004,946,512,3481,1810,114,48.4%
556,Feb-24,Indigenous,7,56,31,14,76,802,7,61,191,245,168,93,37,502,271,29,7.2%
557,Mar-24,All Population,31,185,617,426,716,10833,1277,1277,2560,2542,1569,1081,527,6549,4149,135,100.0%
558,Mar-24,Chronic,12,24,821,326,178,6288,774,675,1294,1364,1018,764,399,3727,2480,81,58.0%
559,Mar-24,Refugees,8,17,431,271,160,5805,907,772,1778,1489,634,184,41,3302,2478,25,53.6%
560,Mar-24,Families,6,2,271,212,52,2555,1273,263,347,444,168,47,13,1095,1458,2,23.6%
561,Mar-24,Youth,4,12,51,33,62,1012,0,1012,0,0,0,0,0,582,385,45,9.3%
562,Mar-24,Single Adult,21,171,295,181,602,7266,0,0,2213,2098,1401,1034,514,4872,2306,88,67.1%
563,Mar-24,Non-refugees,23,168,186,155,556,5028,370,505,782,1053,935,897,486,3247,1671,110,46.4%
564,Mar-24,Indigenous,7,69,20,16,147,734,7,49,168,216,165,94,35,475,231,28,6.8%
565,Apr-24,All Population,33,154,852,292,590,10964,1389,1276,2552,2571,1577,1073,526,6543,4292,129,100.0%
566,Apr-24,Chronic,9,24,752,223,145,6687,900,737,1361,1486,1049,757,397,3952,2660,75,61.0%
567,Apr-24,Refugees,11,26,690,186,160,6193,1021,792,1846,1592,680,206,56,3467,2699,27,56.5%
568,Apr-24,Families,7,3,367,67,38,2826,1385,288,369,510,194,58,22,1202,1622,2,25.8%
569,Apr-24,Youth,3,9,65,38,43,986,0,986,0,0,0,0,0,566,373,47,9.0%
570,Apr-24,Single Adult,23,142,420,187,509,7152,0,0,2183,2061,1383,1015,504,4775,2297,80,65.2%
571,Apr-24,Non-refugees,22,128,162,106,430,4771,368,484,706,979,897,867,470,3076,1593,102,43.5%
572,Apr-24,Indigenous,4,45,22,10,126,667,6,51,134,193,161,87,35,428,211,28,6.1%
573,May-24,All Population,23,174,328,166,507,10795,1387,1276,2516,2500,1546,1050,520,6391,4288,116,100.0%
574,May-24,Chronic,8,29,740,140,161,7177,1010,791,1499,1612,1103,756,406,4214,2887,76,66.5%
575,May-24,Refugees,5,18,188,82,132,6198,1026,788,1841,1589,687,207,60,3462,2712,24,57.4%
576,May-24,Families,1,1,69,37,38,2824,1387,280,372,508,195,58,24,1202,1620,2,26.2%
577,May-24,Youth,1,27,58,18,41,996,0,996,0,0,0,0,0,560,391,45,9.2%
578,May-24,Single Adult,21,146,201,111,428,6975,0,0,2144,1992,1351,992,496,4629,2277,69,64.6%
579,May-24,Non-refugees,18,156,140,84,375,4597,361,488,675,911,859,843,460,2929,1576,92,42.6%
580,May-24,Indigenous,5,57,19,4,105,639,6,59,130,170,156,83,35,399,214,26,5.9%
581,Jun-24,All Population,28,132,312,183,438,10627,1383,1256,2462,2480,1515,1026,505,6243,4267,117,100.0%
582,Jun-24,Chronic,7,27,608,140,157,7510,1067,829,1638,1696,1129,757,394,4387,3045,78,70.7%
583,Jun-24,Refugees,6,7,169,100,137,6157,1025,774,1810,1590,685,214,59,3425,2709,23,57.9%
584,Jun-24,Families,0,0,74,46,32,2822,1383,277,370,514,198,57,23,1191,1628,3,26.6%
585,Jun-24,Youth,4,13,50,23,43,978,0,978,0,0,0,0,0,545,389,44,9.2%
586,Jun-24,Single Adult,24,119,188,114,363,6827,0,0,2092,1966,1317,969,482,4507,2250,70,64.2%
587,Jun-24,Non-refugees,22,125,143,83,301,4470,358,482,652,890,830,812,446,2818,1558,94,42.1%
588,Jun-24,Indigenous,3,41,11,8,76,605,6,59,123,163,152,74,28,363,215,27,5.7%
589,Jul-24,All Population,33,187,368,295,405,10499,1370,1276,2428,2463,1455,1007,500,6119,4262,118,100.0%
590,Jul-24,Chronic,7,23,508,245,166,7671,1101,843,1714,1757,1111,751,394,4450,3143,78,73.1%
591,Jul-24,Refugees,7,29,183,121,107,6149,1022,775,1794,1597,682,219,60,3413,2714,22,58.6%
592,Jul-24,Families,6,4,61,65,50,2779,1370,272,364,507,191,54,21,1174,1602,3,26.5%
593,Jul-24,Youth,5,19,77,29,32,1003,0,1003,0,0,0,0,0,549,409,45,9.6%
594,Jul-24,Single Adult,22,164,230,201,323,6717,0,0,2064,1956,1264,953,479,4396,2251,70,64.0%
595,Jul-24,Non-refugees,26,158,185,174,298,4350,348,501,634,866,773,788,440,2706,1548,96,41.4%
596,Jul-24,Indigenous,5,50,37,29,85,584,6,71,118,148,139,73,29,347,207,30,5.6%
597,Aug-24,All Population,43,155,383,246,315,10503,1383,1267,2415,2445,1477,1023,493,6128,4256,119,100.0%
598,Aug-24,Chronic,12,39,423,220,146,7843,1130,856,1754,1806,1140,758,399,4568,3203,72,74.7%
599,Aug-24,Refugees,13,16,210,177,74,6143,1025,785,1782,1585,691,222,53,3400,2720,23,58.5%
600,Aug-24,Families,6,5,121,78,35,2799,1383,279,352,517,194,52,22,1183,1613,3,26.6%
601,Aug-24,Youth,9,17,61,27,49,987,0,987,0,0,0,0,0,548,392,47,9.4%
602,Aug-24,Single Adult,28,133,201,141,231,6717,0,0,2063,1928,1283,971,471,4397,2251,69,64.0%
603,Aug-24,Non-refugees,30,139,173,69,241,4360,358,482,633,860,786,801,440,2728,1536,96,41.5%
604,Aug-24,Indigenous,2,52,7,7,60,576,6,65,113,146,135,82,29,342,205,29,5.5%
605,Sep-24,All Population,35,154,408,363,385,10339,1401,1260,2322,2404,1470,1001,481,6029,4199,111,100.0%
606,Sep-24,Chronic,11,27,316,258,141,7822,1149,841,1742,1805,1140,754,391,4566,3186,70,75.7%
607,Sep-24,Refugees,18,22,236,279,90,6052,1037,789,1713,1550,694,215,54,3343,2688,21,58.5%
608,Sep-24,Families,9,5,128,81,24,2830,1401,289,343,521,203,50,23,1192,1635,3,27.4%
609,Sep-24,Youth,3,13,67,37,50,971,0,971,0,0,0,0,0,549,380,42,9.4%
610,Sep-24,Single Adult,23,136,213,245,311,6538,0,0,1979,1883,1267,951,458,4288,2184,66,63.2%
611,Sep-24,Non-refugees,17,132,172,84,295,4287,364,471,609,854,776,786,427,2686,1511,90,41.5%
612,Sep-24,Indigenous,3,47,13,5,93,542,6,54,111,130,131,83,27,319,198,25,5.2%
613,Oct-24,All Population,30,196,434,277,371,10331,1400,1262,2270,2444,1477,1002,476,6007,4207,117,100.0%
614,Oct-24,Chronic,6,38,600,240,181,8064,1195,870,1776,1889,1170,769,395,4657,3335,72,78.1%
615,Oct-24,Refugees,12,32,280,184,124,6075,1050,789,1684,1584,694,218,56,3353,2702,20,58.8%
616,Oct-24,Families,3,7,159,106,72,2822,1400,283,337,519,210,51,22,1198,1621,3,27.3%
617,Oct-24,Youth,6,26,63,34,39,977,0,977,0,0,0,0,0,550,386,41,9.5%
618,Oct-24,Single Adult,21,163,212,137,260,6532,0,0,1933,1925,1267,951,454,4259,2200,73,63.2%
619,Oct-24,Non-refugees,18,164,154,93,247,4256,350,473,586,860,783,784,420,2654,1505,97,41.2%
620,Oct-24,Indigenous,2,57,24,12,62,551,7,58,104,139,131,83,29,316,207,28,5.3%
621,Nov-24,All Population,49,331,670,545,342,10460,1404,1266,2250,2500,1518,1034,488,6112,4228,120,100.0%
622,Nov-24,Chronic,13,50,245,507,148,7785,1148,825,1690,1828,1153,760,381,4497,3221,67,74.4%
623,Nov-24,Refugees,13,38,330,360,85,6012,1050,755,1637,1587,708,222,53,3308,2682,22,57.5%
624,Nov-24,Families,4,14,231,226,40,2804,1404,272,323,519,215,53,18,1184,1618,2,26.8%
625,Nov-24,Youth,7,43,85,55,48,994,0,994,0,0,0,0,0,548,404,42,9.5%
626,Nov-24,Single Adult,38,274,354,264,254,6662,0,0,1927,1981,1303,981,470,4380,2206,76,63.7%
627,Nov-24,Non-refugees,36,293,340,185,257,4448,354,511,613,913,810,812,435,2804,1546,98,42.5%
628,Nov-24,Indigenous,8,88,28,12,48,614,7,65,115,170,143,83,31,367,218,29,5.9%
629,Dec-24,All Population,60,496,966,536,283,11144,1371,1308,2379,2720,1694,1128,544,6680,4333,131,100.0%
630,Dec-24,Chronic,13,63,313,461,109,7688,1143,786,1624,1825,1162,763,385,4464,3167,57,69.0%
631,Dec-24,Refugees,18,48,402,333,67,6082,1039,760,1622,1635,750,218,58,3395,2661,26,54.6%
632,Dec-24,Families,13,5,201,231,18,2771,1371,273,312,520,224,53,18,1171,1598,2,24.9%
633,Dec-24,Youth,9,22,119,51,42,1031,0,1031,0,0,0,0,0,584,401,46,9.3%
634,Dec-24,Single Adult,38,469,646,254,223,7342,0,0,2067,2200,1470,1075,526,4925,2334,83,65.9%
635,Dec-24,Non-refugees,42,448,564,203,216,5062,332,548,757,1085,944,910,486,3285,1672,105,45.4%
636,Dec-24,Indigenous,6,154,93,14,50,816,11,60,175,224,194,104,48,517,264,35,7.3%
637,Jan-25,All Population,70,533,947,556,328,11780,1337,1371,2538,2920,1815,1223,576,7181,4452,147,100.0%
638,Jan-25,Chronic,12,69,293,506,131,7500,1099,769,1560,1800,1128,761,383,4356,3090,54,63.7%
639,Jan-25,Refugees,17,49,305,407,91,5979,987,758,1602,1616,741,218,57,3381,2574,24,50.8%
640,Jan-25,Families,10,11,203,234,38,2731,1337,274,301,517,228,52,22,1158,1571,2,23.2%
641,Jan-25,Youth,6,34,128,43,41,1096,0,1096,0,0,0,0,0,624,422,50,9.3%
642,Jan-25,Single Adult,54,488,616,279,249,7953,0,0,2237,2403,1587,1171,554,5399,2459,95,67.5%
643,Jan-25,Non-refugees,53,484,642,149,237,5801,350,613,936,1304,1074,1005,519,3800,1878,123,49.2%
644,Jan-25,Indigenous,5,172,77,16,62,1003,4,72,220,297,227,129,54,639,325,39,8.5%
645,Feb-25,All Population,64,341,797,676,548,11721,1283,1362,2544,2925,1802,1221,584,7193,4379,149,100.0%
646,Feb-25,Chronic,17,33,274,602,110,7169,1057,737,1471,1712,1084,733,375,4184,2928,57,61.2%
647,Feb-25,Refugees,13,41,335,503,104,5775,954,724,1561,1557,704,215,60,3286,2463,26,49.3%
648,Feb-25,Families,6,3,184,281,23,2614,1283,266,282,490,218,51,24,1100,1511,3,22.3%
649,Feb-25,Youth,7,26,109,62,64,1094,0,1094,0,0,0,0,0,630,412,52,9.3%
650,Feb-25,Single Adult,51,312,504,333,461,8013,0,0,2262,2435,1584,1170,560,5463,2456,94,68.4%
651,Feb-25,Non-refugees,51,300,462,173,444,5946,329,638,983,1368,1098,1006,524,3907,1916,123,50.7%
652,Feb-25,Indigenous,10,111,54,24,98,1071,4,78,222,334,249,136,48,676,358,37,9.1%
653,Mar-25,All Population,86,252,665,543,722,11421,1282,1349,2450,2876,1739,1144,581,6953,4330,138,100.0%
654,Mar-25,Chronic,26,27,332,484,118,7038,1047,738,1440,1680,1055,708,370,4080,2902,56,61.6%
655,Mar-25,Refugees,25,26,294,358,114,5659,944,716,1526,1527,687,205,54,3197,2435,27,49.5%
656,Mar-25,Families,26,15,219,198,35,2639,1282,279,294,492,216,53,23,1106,1530,3,23.1%
657,Mar-25,Youth,11,19,94,49,75,1070,0,1070,0,0,0,0,0,607,415,48,9.4%
658,Mar-25,Single Adult,49,218,352,296,612,7712,0,0,2156,2384,1523,1091,558,5240,2385,87,67.5%
659,Mar-25,Non-refugees,61,226,371,185,608,5762,338,633,924,1349,1052,939,527,3756,1895,111,50.5%
660,Mar-25,Indigenous,10,69,36,14,145,1031,6,80,203,328,236,130,48,642,355,34,9.0%
661,Apr-25,All Population,31,157,352,292,789,10861,1290,1300,2294,2668,1642,1110,557,6570,4167,124,100.0%
662,Apr-25,Chronic,7,16,255,249,136,6950,1035,736,1406,1667,1035,706,365,4026,2870,54,64.0%
663,Apr-25,Refugees,7,21,141,175,135,5518,944,691,1471,1485,670,202,55,3107,2387,24,50.8%
664,Apr-25,Families,7,7,116,110,20,2642,1290,284,291,495,207,53,22,1112,1527,3,24.3%
665,Apr-25,Youth,3,24,51,15,90,1014,0,1014,0,0,0,0,0,561,408,45,9.3%
666,Apr-25,Single Adult,21,126,185,167,679,7205,0,0,2003,2173,1435,1057,535,4897,2232,76,66.3%
667,Apr-25,Non-refugees,24,136,211,117,654,5343,346,609,823,1183,972,908,502,3463,1780,100,49.2%
668,Apr-25,Indigenous,7,48,18,12,201,891,5,76,172,260,212,123,43,565,296,30,8.2%
669,May-25,All Population,39,172,385,307,868,10251,1263,1237,2134,2473,1534,1074,536,6128,3999,124,100.0%
670,May-25,Chronic,10,22,431,249,178,7035,1040,735,1400,1716,1045,725,374,4079,2894,62,68.6%
671,May-25,Refugees,12,12,164,170,163,5374,944,670,1392,1456,650,207,55,3008,2343,23,52.4%
672,May-25,Families,3,0,102,117,45,2585,1263,279,275,493,200,55,20,1078,1504,3,25.2%
673,May-25,Youth,7,22,49,32,85,957,0,957,0,0,0,0,0,530,380,47,9.3%
674,May-25,Single Adult,29,150,234,158,738,6709,0,0,1859,1980,1334,1019,516,4520,2115,74,65.4%
675,May-25,Non-refugees,27,160,221,137,705,4877,319,567,742,1017,884,867,481,3120,1656,101,47.6%
676,May-25,Indigenous,5,47,29,18,210,740,0,66,147,204,175,110,38,469,242,29,7.2%
677,Jun-25,All Population,37,241,459,436,586,9928,1214,1235,2041,2375,1484,1046,533,5880,3920,128,100.0%
678,Jun-25,Chronic,10,26,396,379,135,6975,981,756,1373,1713,1040,717,395,4051,2859,65,70.3%
679,Jun-25,Refugees,13,28,163,268,128,5183,910,658,1327,1405,621,211,51,2885,2270,28,52.2%
680,Jun-25,Families,3,5,123,201,31,2487,1214,274,257,480,187,57,18,1017,1466,4,25.1%
681,Jun-25,Youth,6,21,81,34,63,957,0,957,0,0,0,0,0,531,379,47,9.6%
682,Jun-25,Single Adult,28,215,255,201,492,6484,0,0,1784,1895,1297,989,515,4332,2075,77,65.3%
683,Jun-25,Non-refugees,24,213,296,168,458,4745,304,577,714,970,863,835,482,2995,1650,100,47.8%
684,Jun-25,Indigenous,3,73,39,23,120,705,0,65,139,196,153,109,43,429,244,32,7.1%
685,Jul-25,All Population,63,289,589,386,389,10069,1256,1261,2052,2379,1522,1061,538,5958,3983,128,100.0%
686,Jul-25,Chronic,22,41,388,317,132,7015,964,768,1399,1714,1048,733,389,4095,2848,72,69.7%
687,Jul-25,Refugees,21,37,184,218,66,5145,916,658,1300,1381,622,217,51,2864,2253,28,51.1%
688,Jul-25,Families,22,11,194,155,34,2522,1255,277,252,481,182,59,16,1041,1478,3,25.0%
689,Jul-25,Youth,6,16,101,42,41,984,0,984,0,0,0,0,0,531,405,48,9.8%
690,Jul-25,Single Adult,35,262,294,189,314,6563,0,0,1800,1898,1340,1002,522,4386,2100,77,65.2%
691,Jul-25,Non-refugees,42,252,405,168,323,4924,340,603,752,998,900,844,487,3094,1730,100,48.9%
692,Jul-25,Indigenous,7,87,41,22,74,740,0,70,158,202,159,107,44,455,255,30,7.3%
693,Aug-25,All Population,38,189,448,396,471,9858,1229,1245,1993,2301,1489,1064,537,5843,3891,124,100.0%
694,Aug-25,Chronic,12,25,420,347,168,7006,916,784,1418,1691,1054,746,397,4115,2814,77,71.1%
695,Aug-25,Refugees,4,17,128,261,142,4905,868,623,1243,1312,592,218,49,2730,2148,27,49.8%
696,Aug-25,Families,8,8,125,157,71,2444,1228,266,248,456,176,54,16,997,1444,3,24.8%
697,Aug-25,Youth,6,20,79,32,65,979,0,979,0,0,0,0,0,534,399,46,9.9%
698,Aug-25,Single Adult,24,161,244,207,335,6435,0,0,1745,1845,1313,1010,521,4312,2048,75,65.3%
699,Aug-25,Non-refugees,34,172,320,135,329,4953,361,622,750,989,897,846,488,3113,1743,97,50.2%
700,Aug-25,Indigenous,6,46,21,21,86,708,0,68,145,196,154,100,45,436,245,27,7.2%
701,Sep-25,All Population,41,179,419,275,560,9637,1245,1233,1902,2227,1422,1057,551,5647,3875,115,100.0%
702,Sep-25,Chronic,10,22,320,215,189,6968,927,790,1377,1668,1049,747,410,4086,2808,74,72.3%
703,Sep-25,Refugees,7,22,148,149,158,4781,879,607,1191,1261,576,215,52,2625,2128,28,49.6%
704,Sep-25,Families,12,4,124,77,32,2476,1245,279,245,459,179,53,16,1012,1461,3,25.7%
705,Sep-25,Youth,2,14,82,34,70,952,0,952,0,0,0,0,0,521,392,39,9.9%
706,Sep-25,Single Adult,27,161,213,164,458,6209,0,0,1657,1768,1243,1004,535,4114,2022,73,64.4%
707,Sep-25,Non-refugees,34,157,271,126,402,4856,366,626,711,966,846,842,499,3022,1747,87,50.4%
708,Sep-25,Indigenous,5,59,29,19,92,681,0,65,133,185,150,103,45,417,236,28,7.1%
709,Oct-25,All Population,38,220,417,240,471,9573,1260,1233,1865,2234,1389,1029,563,5567,3888,118,100.0%
710,Oct-25,Chronic,16,30,201,186,208,6820,910,780,1334,1641,1011,733,411,4002,2748,70,71.2%
711,Oct-25,Refugees,10,22,173,136,115,4733,890,607,1160,1251,566,207,52,2593,2112,28,49.4%
712,Oct-25,Families,10,6,139,70,51,2511,1260,276,253,466,185,53,18,1027,1481,3,26.2%
713,Oct-25,Youth,7,21,66,17,62,956,0,956,0,0,0,0,0,519,395,42,10.0%
714,Oct-25,Single Adult,21,193,212,153,358,6106,0,0,1612,1768,1204,976,545,4021,2012,73,63.8%
715,Oct-25,Non-refugees,28,198,244,104,356,4840,370,626,705,983,823,822,511,2974,1776,90,50.6%
716,Oct-25,Indigenous,7,74,29,11,78,698,0,72,136,204,140,103,43,418,247,33,7.3%
717,Nov-25,All Population,56,365,457,282,386,9756,1223,1230,1910,2302,1453,1061,577,5778,3850,128,100.0%
718,Nov-25,Chronic,10,64,259,217,149,6769,901,779,1307,1628,998,745,411,3999,2701,69,69.4%
719,Nov-25,Refugees,11,33,109,149,65,4671,863,600,1147,1241,561,209,50,2598,2046,27,47.9%
720,Nov-25,Families,5,1,55,100,27,2445,1223,269,245,457,179,54,18,1007,1435,3,25.1%
721,Nov-25,Youth,10,31,70,30,58,961,0,961,0,0,0,0,0,530,392,39,9.9%
722,Nov-25,Single Adult,41,333,332,152,301,6350,0,0,1665,1845,1274,1007,559,4241,2023,86,65.1%
723,Nov-25,Non-refugees,45,332,348,133,321,5085,360,630,763,1061,892,852,527,3180,1804,101,52.1%
724,Nov-25,Indigenous,9,115,34,17,82,762,3,79,146,228,162,105,39,469,256,37,7.8%
